driverId,driver_name,constructorId,grid,qualifying_position,qualifying_missing,previous_finish_num,previous_podium,previous_points,recent_5_podiums,recent_5_points,constructor_recent_5_podiums,constructor_recent_5_points,qualifying_grid_gap,recent_form_score,constructor_form_score,combined_form_score,previous_result_score,qualifying_strength,v2_podium_probability
1,Lewis Hamilton,6,5.0,5.0,0,5.0,0.0,10.0,2.0,72.0,2.0,77.0,0.0,92.0,97.0,189.0,10.0,0.2,73.45885468173049
4,Fernando Alonso,117,18.0,18.0,0,14.0,0.0,0.0,0.0,0.0,0.0,0.0,0.0,0.0,0.0,0.0,0.0,0.05555555555555555,0.2017239313942009
807,Nico Hülkenberg,217,13.0,13.0,0,9.0,0.0,2.0,0.0,2.0,0.0,10.0,0.0,2.0,10.0,12.0,2.0,0.07692307692307693,5.0027093496719175
815,Sergio Pérez,216,22.0,22.0,0,21.0,0.0,0.0,0.0,0.0,0.0,0.0,0.0,0.0,0.0,0.0,0.0,0.045454545454545456,0.11660345450941983
822,Valtteri Bottas,216,21.0,21.0,0,22.0,0.0,0.0,0.0,0.0,0.0,0.0,0.0,0.0,0.0,0.0,0.0,0.047619047619047616,0.11660345450941983
830,Max Verstappen,9,7.0,7.0,0,2.0,1.0,18.0,3.0,63.0,2.0,59.0,0.0,93.0,79.0,172.0,28.0,0.14285714285714285,69.81012216890532
832,Carlos Sainz,3,17.0,17.0,0,18.0,0.0,0.0,0.0,0.0,0.0,0.0,0.0,0.0,0.0,0.0,0.0,0.058823529411764705,1.0735415792798286
839,Esteban Ocon,210,15.0,15.0,0,16.0,0.0,0.0,0.0,0.0,0.0,0.0,0.0,0.0,0.0,0.0,0.0,0.06666666666666667,0.7153745053195499
840,Lance Stroll,117,19.0,19.0,0,13.0,0.0,0.0,0.0,0.0,0.0,2.0,0.0,0.0,2.0,2.0,0.0,0.05263157894736842,0.6695208350839204
842,Pierre Gasly,214,11.0,11.0,0,12.0,0.0,0.0,0.0,7.0,0.0,3.0,0.0,7.0,3.0,10.0,0.0,0.09090909090909091,11.057335741565005
844,Charles Leclerc,6,6.0,6.0,0,4.0,0.0,12.0,2.0,59.0,1.0,64.0,0.0,79.0,74.0,153.0,12.0,0.16666666666666666,62.26494441367192
846,Lando Norris,1,1.0,1.0,0,1.0,1.0,25.0,2.0,64.0,1.0,41.0,0.0,84.0,51.0,135.0,35.0,1.0,93.42567715622222
847,George Russell,131,2.0,2.0,0,7.0,0.0,6.0,3.0,67.0,2.0,46.0,0.0,97.0,66.0,163.0,6.0,0.5,94.33786672591593
848,Alexander Albon,3,16.0,16.0,0,17.0,0.0,0.0,0.0,0.0,0.0,0.0,0.0,0.0,0.0,0.0,0.0,0.0625,0.6133790371911401
852,Yuki Tsunoda,215,12.0,12.0,0,14.0,0.0,0.0,0.0,1.0,0.0,13.0,0.0,1.0,13.0,14.0,0.0,0.08333333333333333,4.389712259425896
857,Oscar Piastri,1,4.0,4.0,0,20.0,0.0,0.0,0.0,32.0,2.0,66.0,0.0,32.0,86.0,118.0,0.0,0.25,52.680724115297906
859,Liam Lawson,9,8.0,8.0,0,8.0,0.0,4.0,0.0,18.0,2.0,49.0,0.0,18.0,69.0,87.0,4.0,0.125,25.47040948915264
860,Oliver Bearman,210,20.0,20.0,0,19.0,0.0,0.0,0.0,0.0,0.0,0.0,0.0,0.0,0.0,0.0,0.0,0.05,0.11660345450941983
861,Franco Colapinto,214,14.0,14.0,0,15.0,0.0,0.0,0.0,4.0,0.0,2.0,0.0,4.0,2.0,6.0,0.0,0.07142857142857142,3.67570866724694
863,Andrea Kimi Antonelli,131,3.0,3.0,0,3.0,1.0,15.0,3.0,55.0,3.0,61.0,0.0,85.0,91.0,176.0,25.0,0.3333333333333333,89.33492349218021
864,Gabriel Bortoleto,217,9.0,9.0,0,11.0,0.0,0.0,0.0,8.0,0.0,10.0,0.0,8.0,10.0,18.0,0.0,0.1111111111111111,5.782630458380091
866,Arvid Lindblad,215,10.0,10.0,0,10.0,0.0,1.0,0.0,12.0,0.0,7.0,0.0,12.0,7.0,19.0,1.0,0.1,7.02612424059314
