driverId,driver_name,constructorId,grid,qualifying_position,qualifying_missing,podium_probability_percent,predicted_podium,predicted_result,predicted_podium_position
846,Lando Norris,1,1.0,1.0,0,96.06912671681624,1,PODIUM,1
847,George Russell,131,2.0,2.0,0,93.46368769998267,1,PODIUM,2
863,Andrea Kimi Antonelli,131,3.0,3.0,0,91.74555009284062,1,PODIUM,3
844,Charles Leclerc,6,6.0,6.0,0,62.25279675807961,0,NO PODIUM,0
830,Max Verstappen,9,7.0,7.0,0,59.55750019243988,0,NO PODIUM,0
857,Oscar Piastri,1,4.0,4.0,0,55.46731112983942,0,NO PODIUM,0
1,Lewis Hamilton,6,5.0,5.0,0,52.314816085674785,0,NO PODIUM,0
859,Liam Lawson,9,8.0,8.0,0,13.954805836262937,0,NO PODIUM,0
852,Yuki Tsunoda,215,12.0,12.0,0,9.214496958054776,0,NO PODIUM,0
864,Gabriel Bortoleto,217,9.0,9.0,0,7.938595741689223,0,NO PODIUM,0
866,Arvid Lindblad,215,10.0,10.0,0,7.890100949035152,0,NO PODIUM,0
807,Nico Hülkenberg,217,13.0,13.0,0,4.417448498358198,0,NO PODIUM,0
842,Pierre Gasly,214,11.0,11.0,0,3.6812104508527073,0,NO PODIUM,0
861,Franco Colapinto,214,14.0,14.0,0,1.2976748517969772,0,NO PODIUM,0
832,Carlos Sainz,3,17.0,17.0,0,1.2501440744909509,0,NO PODIUM,0
4,Fernando Alonso,117,18.0,18.0,0,1.0937482181000884,0,NO PODIUM,0
839,Esteban Ocon,210,15.0,15.0,0,0.9961582361698753,0,NO PODIUM,0
848,Alexander Albon,3,16.0,16.0,0,0.5524593374634598,0,NO PODIUM,0
840,Lance Stroll,117,19.0,19.0,0,0.4494513826150976,0,NO PODIUM,0
815,Sergio Pérez,216,22.0,22.0,0,0.049080343761890056,0,NO PODIUM,0
822,Valtteri Bottas,216,21.0,21.0,0,0.049080343761890056,0,NO PODIUM,0
860,Oliver Bearman,210,20.0,20.0,0,0.049080343761890056,0,NO PODIUM,0
